Year,State,Incident Type,Month,Count of Incidents,Total Obligated
2016,Alabama,Severe Storm(s),Jan,1,37435207.15
2016,Alaska,Severe Storm(s),Feb,1,11464133.02
2016,Arkansas,Severe Storm(s),Feb,1,12116962.16
2016,Arkansas,Severe Storm(s),May,1,2365251.34
2016,Delaware,Snow,Mar,1,1602711.50
2016,District of Columbia,Snow,Mar,1,16996776.09
2016,Florida,Hurricane,Oct,1,382700470.09
2016,Florida,Hurricane,Sep,1,59529765.30
2016,Georgia,Hurricane,Oct,1,95628128.28
2016,Georgia,Severe Storm(s),Feb,1,19610444.92
2016,Hawaii,Mud/Landslide,Oct,1,3927063.51
2016,Idaho,Severe Storm(s),Feb,1,13228232.11
2016,Iowa,Flood,Oct,1,16502830.32
2016,Iowa,Flood,Sep,1,5570693.44
2016,Kansas,Severe Storm(s),Oct,1,6745588.34
2016,Kentucky,Severe Storm(s),Aug,1,4791966.21
2016,Louisiana,Flood,Aug,1,691410438.05
2016,Louisiana,Flood,Feb,1,6999940.03
2016,Louisiana,Flood,Mar,1,86172659.15
2016,Maryland,Flood,Sep,1,7462543.93
2016,Maryland,Snow,Mar,1,69592586.94
2016,Minnesota,Flood,Nov,1,7013278.20
2016,Mississippi,Flood,Mar,1,9091125.98
2016,Mississippi,Severe Storm(s),Jan,1,5743909.87
2016,Missouri,Flood,Jan,1,33959526.91
2016,Montana,Severe Storm(s),May,1,1690433.90
2016,Montana,Tornado,Aug,1,3236435.63
2016,New Jersey,Severe Storm(s),Mar,1,81516064.50
2016,North Carolina,Hurricane,Oct,1,292430509.16
2016,Oklahoma,Flood,Jul,1,4226556.24
2016,Oklahoma,Severe Storm(s),Feb,1,49769983.94
2016,Oregon,Severe Storm(s),Feb,1,29166256.59
2016,Pennsylvania,Flood,Dec,1,25469298.35
2016,Pennsylvania,Snow,Mar,1,44619194.68
2016,South Carolina,Hurricane,Oct,1,243842687.10
2016,Tennessee,Fire,Dec,1,3961245.33
2016,Texas,Flood,Apr,1,38627244.91
2016,Texas,Flood,Jun,1,61616877.79
2016,Texas,Flood,Mar,1,31955602.64
2016,Texas,Severe Storm(s),Feb,1,24259574.13
2016,Virginia,Hurricane,Nov,1,16482441.42
2016,Virginia,Snow,Mar,1,46994294.43
2016,Washington,Flood,Feb,1,11215447.74
2016,Washington,Severe Storm(s),Jan,1,24996227.14
2016,West Virginia,Flood,Jun,1,368415816.73
2016,Wisconsin,Flood,Oct,1,8818061.59
2016,Wisconsin,Severe Storm(s),Aug,1,11009376.93
2017,Alabama,Hurricane,Nov,1,5962757.62
2017,Alabama,Hurricane,Sep,1,585571.92
2017,Alaska,Severe Storm(s),Dec,1,8647345.35
2017,Arkansas,Severe Storm(s),Jun,1,28044295.10
2017,California,Fire,Oct,1,385178988.57
2017,California,Flood,Apr,1,424825183.85
2017,California,Flood,Mar,1,54586880.96
2017,California,Severe Storm(s),Feb,2,127917846.00
2017,California,Severe Storm(s),May,1,269934.77
2017,Florida,Hurricane,Oct,1,462568.57
2017,Florida,Hurricane,Sep,2,1900797742.09
2017,Georgia,Hurricane,Sep,1,121003373.31
2017,Georgia,Severe Storm(s),Jan,1,15509754.82
2017,Georgia,Tornado,Jan,1,22970819.68
2017,Idaho,Flood,Apr,1,7487144.48
2017,Idaho,Flood,Aug,1,2090929.48
2017,Idaho,Flood,May,1,7952093.73
2017,Idaho,Flood,Oct,1,2874403.26
2017,Iowa,Severe Storm(s),Aug,1,6066079.86
2017,Kansas,Severe Ice Storm,Feb,1,12516658.28
2017,Kansas,Severe Storm(s),Nov,1,5667113.37
2017,Kansas,Snow,Jun,1,24324234.70
2017,Louisiana,Hurricane,Oct,2,13130003.26
2017,Mississippi,Hurricane,Nov,1,10013843.03
2017,Mississippi,Severe Storm(s),May,1,16015039.07
2017,Mississippi,Tornado,Jan,1,10458936.05
2017,Missouri,Flood,Jun,1,63977443.71
2017,Nebraska,Severe Storm(s),Aug,1,15588072.47
2017,Nebraska,Severe Storm(s),Jun,1,2787860.62
2017,Nevada,Severe Storm(s),Feb,1,10114487.93
2017,Nevada,Severe Storm(s),Mar,1,14267184.29
2017,New Hampshire,Severe Storm(s),Aug,1,5818336.61
2017,New Hampshire,Severe Storm(s),Jun,1,1729979.45
2017,New Mexico,Flood,Dec,1,14729422.18
2017,New York,Flood,Nov,1,24715849.71
2017,New York,Snow,Jul,1,27614321.96
2017,North Dakota,Flood,Jul,1,5107753.29
2017,Oklahoma,Severe Storm(s),Feb,1,120514739.75
2017,Oklahoma,Severe Storm(s),May,1,85924213.19
2017,Oklahoma,Tornado,Jul,1,4591669.76
2017,Oregon,Severe Storm(s),Aug,1,2934373.55
2017,Oregon,Severe Storm(s),Jan,1,13392502.79
2017,Puerto Rico,Hurricane,Sep,3,6612493321.04
2017,South Carolina,Hurricane,Oct,1,33232228.75
2017,South Dakota,Severe Storm(s),Feb,1,9834694.12
2017,Tennessee,Severe Storm(s),Jun,1,33087157.62
2017,Texas,Hurricane,Aug,1,2094768188.58
2017,Utah,Flood,Apr,1,3383180.16
2017,Vermont,Severe Storm(s),Aug,1,11260237.25
2017,Virgin Islands of the U.S.,Hurricane,Sep,2,2227510912.56
2017,Washington,Flood,Apr,1,29301996.35
2017,West Virginia,Severe Storm(s),Aug,1,15160079.34
2017,Wisconsin,Severe Storm(s),Oct,1,8969319.44
2017,Wyoming,Flood,Aug,1,5825762.59
2017,Wyoming,Severe Storm(s),Mar,1,2465393.89
2018,Alabama,Hurricane,Nov,1,15628369.65
2018,Alabama,Severe Storm(s),Apr,1,38984522.87
2018,Alaska,Coastal Storm,Jun,1,4185194.27
2018,American Samoa,Hurricane,Mar,1,7258530.40
2018,Arizona,Flood,Aug,1,515561.24
2018,Arizona,Severe Storm(s),Nov,1,974784.09
2018,California,Fire,Aug,1,163084100.06
2018,California,Fire,Jan,1,223069823.10
2018,California,Fire,Nov,1,695765671.55
2018,Connecticut,Severe Storm(s),Dec,1,1007827.34
2018,Connecticut,Tornado,Aug,1,16727174.50
2018,Florida,Hurricane,Oct,1,731640275.86
2018,Georgia,Hurricane,Oct,1,105242981.61
2018,Guam,Typhoon,Oct,1,8469232.24
2018,Hawaii,Flood,May,1,10085191.54
2018,Hawaii,Hurricane,Sep,1,7530883.32
2018,Hawaii,Volcano,May,1,14596390.69
2018,Indiana,Flood,May,1,14753557.37
2018,Iowa,Severe Storm(s),Aug,1,14982127.75
2018,Iowa,Severe Storm(s),Sep,1,4023371.73
2018,Kansas,Severe Storm(s),Oct,1,2596776.44
2018,Kentucky,Flood,Apr,2,57162811.02
2018,Maine,Coastal Storm,May,1,4076792.82
2018,Maine,Severe Storm(s),Jan,1,7971674.48
2018,Maryland,Flood,Jul,1,13437805.02
2018,Maryland,Severe Storm(s),Jun,1,5556545.03
2018,Massachusetts,Severe Storm(s),Jun,1,23672590.83
2018,Massachusetts,Snow,Jul,1,34678098.94
2018,Michigan,Flood,Aug,1,21768182.24
2018,Minnesota,Flood,Sep,1,21622657.68
2018,Montana,Flood,Aug,1,1918336.39
2018,Montana,Flood,Oct,1,1828970.38
2018,Nebraska,Severe Storm(s),Aug,1,2738955.31
2018,Nebraska,Snow,Jun,1,7487077.22
2018,New Hampshire,Coastal Storm,Jun,1,622436.09
2018,New Hampshire,Severe Storm(s),Jan,1,9504433.82
2018,New Hampshire,Snow,Jun,1,2722902.39
2018,New Jersey,Severe Storm(s),Jun,1,30875793.94
2018,New York,Flood,Oct,1,5856719.79
2018,North Carolina,Hurricane,Sep,1,522633453.95
2018,Northern Mariana Islands,Typhoon,Oct,1,172906704.66
2018,Northern Mariana Islands,Typhoon,Sep,1,3833508.47
2018,Ohio,Flood,Apr,1,53593901.91
2018,Oklahoma,Fire,Jun,1,5461446.17
2018,Pennsylvania,Severe Storm(s),Nov,1,55094471.38
2018,South Carolina,Hurricane,Sep,1,89678412.44
2018,Vermont,Severe Storm(s),Jan,1,5306300.19
2018,Vermont,Severe Storm(s),Jul,1,3321515.85
2018,Virginia,Hurricane,Dec,1,26061111.59
2018,Virginia,Hurricane,Oct,1,23241356.24
2018,Washington,Flood,Aug,1,327171.11
2018,West Virginia,Mud/Landslide,Apr,1,42504583.15
2018,West Virginia,Severe Storm(s),Jul,1,2761381.93
2018,Wisconsin,Flood,Aug,1,6383293.36
2018,Wisconsin,Flood,Oct,1,19335792.87
2019,Alabama,Severe Storm(s),Apr,1,4698837.03
2019,Alabama,Tornado,Mar,1,3689283.38
2019,Alaska,Earthquake,Jan,1,23600561.99
2019,Arkansas,Flood,Jun,1,23275130.87
2019,Arkansas,Flood,Sep,1,2167170.93
2019,California,Severe Storm(s),Mar,1,36172.50
2019,California,Severe Storm(s),May,2,25374194.39
2019,Florida,Hurricane,Oct,1,1390503.17
2019,Guam,Typhoon,May,1,555333.06
2019,Idaho,Flood,Jun,1,977001.20
2019,Illinois,Flood,Sep,1,8828759.36
2019,Iowa,Flood,Apr,1,609262.95
2019,Iowa,Flood,Mar,1,33865755.98
2019,Kansas,Severe Storm(s),Feb,1,2350744.05
2019,Kansas,Severe Storm(s),Jun,1,1417750.99
2019,Kentucky,Severe Storm(s),Apr,1,66106498.74
2019,Louisiana,Flood,Sep,1,5596700.78
2019,Louisiana,Hurricane,Aug,1,14709698.73
2019,Louisiana,Severe Storm(s),Jun,1,4039780.21
2019,Minnesota,Flood,Feb,1,556912.13
2019,Minnesota,Flood,Jun,1,11530709.54
2019,Mississippi,Severe Storm(s),Apr,1,17514297.58
2019,Mississippi,Severe Storm(s),Dec,1,538451.35
2019,Mississippi,Severe Storm(s),Feb,1,4942313.66
2019,Mississippi,Severe Storm(s),Jun,1,4811312.42
2019,Missouri,Flood,May,1,13135520.99
2019,Missouri,Severe Storm(s),Jul,1,13622092.99
2019,Montana,Flood,May,1,1098540.70
2019,Nebraska,Flood,Jun,1,995060.85
2019,Nebraska,Flood,Mar,1,42796266.84
2019,New Hampshire,Severe Storm(s),Aug,1,241023.70
2019,North Carolina,Hurricane,Jan,1,15240653.67
2019,North Carolina,Hurricane,Oct,1,6573184.31
2019,North Dakota,Flood,Jun,1,5906809.20
2019,Ohio,Flood,Apr,1,9977230.39
2019,Ohio,Tornado,Jun,1,3214010.35
2019,Oklahoma,Severe Storm(s),Jul,1,1207568.21
2019,Oklahoma,Severe Storm(s),Jun,1,13593007.36
2019,Oregon,Flood,Jul,1,614555.07
2019,Oregon,Severe Storm(s),May,1,16051485.50
2019,South Carolina,Hurricane,Sep,1,6446792.91
2019,South Dakota,Flood,Jun,1,8080810.76
2019,South Dakota,Flood,Sep,1,105257.80
2019,South Dakota,Severe Storm(s),Jun,1,484081.83
2019,South Dakota,Severe Storm(s),Oct,1,379582.36
2019,Tennessee,Flood,Apr,1,8699755.62
2019,Tennessee,Severe Storm(s),Dec,1,795476.61
2019,Texas,Flood,Feb,1,46155531.22
2019,Vermont,Flood,Jun,1,941649.98
2019,Washington,Severe Storm(s),Mar,1,8234994.05
2019,West Virginia,Flood,Aug,1,2699880.27
2019,Wisconsin,Flood,Aug,1,4568654.97
